"Multiplication result converted to larger type","A multiplication result that is converted to a larger type can be a sign that the result can overflow the type converted from.","warning","Multiplication result may overflow 'int' before it is converted to 'unsigned long'.","/test/pooling_common.hpp","368","44","368","64"
"Multiplication result converted to larger type","A multiplication result that is converted to a larger type can be a sign that the result can overflow the type converted from.","warning","Multiplication result may overflow 'int' before it is converted to 'unsigned long'.","/test/pooling_common.hpp","384","28","384","47"
"Multiplication result converted to larger type","A multiplication result that is converted to a larger type can be a sign that the result can overflow the type converted from.","warning","Multiplication result may overflow 'int' before it is converted to 'size_t'.","/test/cpu_rnn.hpp","4196","28","4196","40"
"Multiplication result converted to larger type","A multiplication result that is converted to a larger type can be a sign that the result can overflow the type converted from.","warning","Multiplication result may overflow 'int' before it is converted to 'size_t'.","/test/cpu_rnn.hpp","4207","28","4207","40"
"Multiplication result converted to larger type","A multiplication result that is converted to a larger type can be a sign that the result can overflow the type converted from.","warning","Multiplication result may overflow 'int' before it is converted to 'size_t'.","/test/cpu_rnn.hpp","4234","24","4234","36"
"Multiplication result converted to larger type","A multiplication result that is converted to a larger type can be a sign that the result can overflow the type converted from.","warning","Multiplication result may overflow 'int' before it is converted to 'size_t'.","/test/cpu_rnn.hpp","4239","24","4239","32"
"Multiplication result converted to larger type","A multiplication result that is converted to a larger type can be a sign that the result can overflow the type converted from.","warning","Multiplication result may overflow 'int' before it is converted to 'size_t'.","/test/cpu_rnn.hpp","4244","24","4244","32"
"Multiplication result converted to larger type","A multiplication result that is converted to a larger type can be a sign that the result can overflow the type converted from.","warning","Multiplication result may overflow 'int' before it is converted to 'size_t'.","/test/cpu_rnn.hpp","4245","24","4245","36"
"Multiplication result converted to larger type","A multiplication result that is converted to a larger type can be a sign that the result can overflow the type converted from.","warning","Multiplication result may overflow 'int' before it is converted to 'size_t'.","/test/cpu_rnn.hpp","2447","31","2447","39"
"Multiplication result converted to larger type","A multiplication result that is converted to a larger type can be a sign that the result can overflow the type converted from.","warning","Multiplication result may overflow 'int' before it is converted to 'size_t'.","/test/cpu_rnn.hpp","2458","31","2458","39"
"Multiplication result converted to larger type","A multiplication result that is converted to a larger type can be a sign that the result can overflow the type converted from.","warning","Multiplication result may overflow 'int' before it is converted to 'size_t'.","/test/cpu_rnn.hpp","2485","27","2485","35"
"Multiplication result converted to larger type","A multiplication result that is converted to a larger type can be a sign that the result can overflow the type converted from.","warning","Multiplication result may overflow 'int' before it is converted to 'size_t'.","/test/cpu_rnn.hpp","2490","27","2490","35"
"Multiplication result converted to larger type","A multiplication result that is converted to a larger type can be a sign that the result can overflow the type converted from.","warning","Multiplication result may overflow 'int' before it is converted to 'size_t'.","/test/cpu_rnn.hpp","2495","27","2495","35"
"Multiplication result converted to larger type","A multiplication result that is converted to a larger type can be a sign that the result can overflow the type converted from.","warning","Multiplication result may overflow 'int' before it is converted to 'size_t'.","/test/cpu_rnn.hpp","2496","27","2496","35"
"Multiplication result converted to larger type","A multiplication result that is converted to a larger type can be a sign that the result can overflow the type converted from.","warning","Multiplication result may overflow 'int' before it is converted to 'size_t'.","/test/cpu_rnn.hpp","3622","24","3622","36"
"Multiplication result converted to larger type","A multiplication result that is converted to a larger type can be a sign that the result can overflow the type converted from.","warning","Multiplication result may overflow 'int' before it is converted to 'size_t'.","/test/cpu_rnn.hpp","3627","24","3627","32"
"Multiplication result converted to larger type","A multiplication result that is converted to a larger type can be a sign that the result can overflow the type converted from.","warning","Multiplication result may overflow 'int' before it is converted to 'size_t'.","/test/cpu_rnn.hpp","3628","24","3628","36"
"Multiplication result converted to larger type","A multiplication result that is converted to a larger type can be a sign that the result can overflow the type converted from.","warning","Multiplication result may overflow 'int' before it is converted to 'size_t'.","/test/cpu_rnn.hpp","3632","24","3632","32"
"Multiplication result converted to larger type","A multiplication result that is converted to a larger type can be a sign that the result can overflow the type converted from.","warning","Multiplication result may overflow 'int' before it is converted to 'size_t'.","/test/cpu_rnn.hpp","3649","42","3649","65"
"Multiplication result converted to larger type","A multiplication result that is converted to a larger type can be a sign that the result can overflow the type converted from.","warning","Multiplication result may overflow 'int' before it is converted to 'size_t'.","/test/cpu_rnn.hpp","4118","20","4118","32"
"Multiplication result converted to larger type","A multiplication result that is converted to a larger type can be a sign that the result can overflow the type converted from.","warning","Multiplication result may overflow 'int' before it is converted to 'size_t'.","/test/cpu_rnn.hpp","4124","20","4124","32"
"Multiplication result converted to larger type","A multiplication result that is converted to a larger type can be a sign that the result can overflow the type converted from.","warning","Multiplication result may overflow 'int' before it is converted to 'size_t'.","/test/cpu_rnn.hpp","2150","27","2150","35"
"Multiplication result converted to larger type","A multiplication result that is converted to a larger type can be a sign that the result can overflow the type converted from.","warning","Multiplication result may overflow 'int' before it is converted to 'size_t'.","/test/cpu_rnn.hpp","2155","27","2155","35"
"Multiplication result converted to larger type","A multiplication result that is converted to a larger type can be a sign that the result can overflow the type converted from.","warning","Multiplication result may overflow 'int' before it is converted to 'size_t'.","/test/cpu_rnn.hpp","2156","27","2156","35"
"Multiplication result converted to larger type","A multiplication result that is converted to a larger type can be a sign that the result can overflow the type converted from.","warning","Multiplication result may overflow 'int' before it is converted to 'size_t'.","/test/cpu_rnn.hpp","2160","27","2160","35"
"Multiplication result converted to larger type","A multiplication result that is converted to a larger type can be a sign that the result can overflow the type converted from.","warning","Multiplication result may overflow 'int' before it is converted to 'size_t'.","/test/cpu_rnn.hpp","2177","42","2177","65"
"Multiplication result converted to larger type","A multiplication result that is converted to a larger type can be a sign that the result can overflow the type converted from.","warning","Multiplication result may overflow 'int' before it is converted to 'size_t'.","/test/cpu_rnn.hpp","2361","23","2361","31"
"Multiplication result converted to larger type","A multiplication result that is converted to a larger type can be a sign that the result can overflow the type converted from.","warning","Multiplication result may overflow 'int' before it is converted to 'size_t'.","/test/cpu_rnn.hpp","2367","23","2367","31"
"Multiplication result converted to larger type","A multiplication result that is converted to a larger type can be a sign that the result can overflow the type converted from.","warning","Multiplication result may overflow 'int' before it is converted to 'size_type'.","/test/cpu_rnn.hpp","2811","44","2811","79"
"Multiplication result converted to larger type","A multiplication result that is converted to a larger type can be a sign that the result can overflow the type converted from.","warning","Multiplication result may overflow 'int' before it is converted to 'size_t'.","/test/cpu_rnn.hpp","2864","28","2864","40"
"Multiplication result converted to larger type","A multiplication result that is converted to a larger type can be a sign that the result can overflow the type converted from.","warning","Multiplication result may overflow 'int' before it is converted to 'size_t'.","/test/cpu_rnn.hpp","2868","28","2868","40"
"Multiplication result converted to larger type","A multiplication result that is converted to a larger type can be a sign that the result can overflow the type converted from.","warning","Multiplication result may overflow 'int' before it is converted to 'size_t'.","/test/cpu_rnn.hpp","2913","24","2913","32"
"Multiplication result converted to larger type","A multiplication result that is converted to a larger type can be a sign that the result can overflow the type converted from.","warning","Multiplication result may overflow 'int' before it is converted to 'size_t'.","/test/cpu_rnn.hpp","2918","24","2918","32"
"Multiplication result converted to larger type","A multiplication result that is converted to a larger type can be a sign that the result can overflow the type converted from.","warning","Multiplication result may overflow 'int' before it is converted to 'size_t'.","/test/cpu_rnn.hpp","2919","24","2919","36"
"Multiplication result converted to larger type","A multiplication result that is converted to a larger type can be a sign that the result can overflow the type converted from.","warning","Multiplication result may overflow 'int' before it is converted to 'size_t'.","/test/cpu_rnn.hpp","2923","24","2923","36"
"Multiplication result converted to larger type","A multiplication result that is converted to a larger type can be a sign that the result can overflow the type converted from.","warning","Multiplication result may overflow 'int' before it is converted to 'size_t'.","/test/rnn_vanilla_common.hpp","682","27","682","35"
"Multiplication result converted to larger type","A multiplication result that is converted to a larger type can be a sign that the result can overflow the type converted from.","warning","Multiplication result may overflow 'int' before it is converted to 'size_t'.","/test/rnn_vanilla_common.hpp","687","27","687","35"
"Multiplication result converted to larger type","A multiplication result that is converted to a larger type can be a sign that the result can overflow the type converted from.","warning","Multiplication result may overflow 'int' before it is converted to 'size_t'.","/test/rnn_vanilla_common.hpp","688","27","688","35"
"Multiplication result converted to larger type","A multiplication result that is converted to a larger type can be a sign that the result can overflow the type converted from.","warning","Multiplication result may overflow 'int' before it is converted to 'size_t'.","/test/rnn_vanilla_common.hpp","692","27","692","35"
"Multiplication result converted to larger type","A multiplication result that is converted to a larger type can be a sign that the result can overflow the type converted from.","warning","Multiplication result may overflow 'int' before it is converted to 'size_t'.","/test/rnn_vanilla_common.hpp","709","42","709","65"
"Multiplication result converted to larger type","A multiplication result that is converted to a larger type can be a sign that the result can overflow the type converted from.","warning","Multiplication result may overflow 'int' before it is converted to 'size_t'.","/test/rnn_vanilla_common.hpp","893","23","893","31"
"Multiplication result converted to larger type","A multiplication result that is converted to a larger type can be a sign that the result can overflow the type converted from.","warning","Multiplication result may overflow 'int' before it is converted to 'size_t'.","/test/rnn_vanilla_common.hpp","899","23","899","31"
"Multiplication result converted to larger type","A multiplication result that is converted to a larger type can be a sign that the result can overflow the type converted from.","warning","Multiplication result may overflow 'int' before it is converted to 'size_t'.","/test/rnn_vanilla_common.hpp","995","31","995","39"
"Multiplication result converted to larger type","A multiplication result that is converted to a larger type can be a sign that the result can overflow the type converted from.","warning","Multiplication result may overflow 'int' before it is converted to 'size_t'.","/test/rnn_vanilla_common.hpp","1006","31","1006","39"
"Multiplication result converted to larger type","A multiplication result that is converted to a larger type can be a sign that the result can overflow the type converted from.","warning","Multiplication result may overflow 'int' before it is converted to 'size_t'.","/test/rnn_vanilla_common.hpp","1033","27","1033","35"
"Multiplication result converted to larger type","A multiplication result that is converted to a larger type can be a sign that the result can overflow the type converted from.","warning","Multiplication result may overflow 'int' before it is converted to 'size_t'.","/test/rnn_vanilla_common.hpp","1038","27","1038","35"
"Multiplication result converted to larger type","A multiplication result that is converted to a larger type can be a sign that the result can overflow the type converted from.","warning","Multiplication result may overflow 'int' before it is converted to 'size_t'.","/test/rnn_vanilla_common.hpp","1043","27","1043","35"
"Multiplication result converted to larger type","A multiplication result that is converted to a larger type can be a sign that the result can overflow the type converted from.","warning","Multiplication result may overflow 'int' before it is converted to 'size_t'.","/test/rnn_vanilla_common.hpp","1044","27","1044","35"
"Multiplication result converted to larger type","A multiplication result that is converted to a larger type can be a sign that the result can overflow the type converted from.","warning","Multiplication result may overflow 'float' before it is converted to 'double'.","/test/bn_3d_peract_test.cpp","898","43","899","93"
"Multiplication result converted to larger type","A multiplication result that is converted to a larger type can be a sign that the result can overflow the type converted from.","warning","Multiplication result may overflow 'float' before it is converted to 'double'.","/test/bn_3d_peract_test.cpp","691","43","692","93"
"Multiplication result converted to larger type","A multiplication result that is converted to a larger type can be a sign that the result can overflow the type converted from.","warning","Multiplication result may overflow 'float' before it is converted to 'double'.","/test/bn_peract_test.cpp","861","39","862","83"
"Multiplication result converted to larger type","A multiplication result that is converted to a larger type can be a sign that the result can overflow the type converted from.","warning","Multiplication result may overflow 'float' before it is converted to 'double'.","/test/bn_peract_test.cpp","662","39","663","83"
"Multiplication result converted to larger type","A multiplication result that is converted to a larger type can be a sign that the result can overflow the type converted from.","warning","Multiplication result may overflow 'int' before it is converted to 'difference_type'.","/test/ctc.cpp","314","54","314","91"
"Multiplication result converted to larger type","A multiplication result that is converted to a larger type can be a sign that the result can overflow the type converted from.","warning","Multiplication result may overflow 'int' before it is converted to 'size_t'.","/test/ctc.cpp","323","35","323","46"
"Multiplication result converted to larger type","A multiplication result that is converted to a larger type can be a sign that the result can overflow the type converted from.","warning","Multiplication result may overflow 'int' before it is converted to 'size_t'.","/test/ctc.cpp","324","35","324","46"
"Multiplication result converted to larger type","A multiplication result that is converted to a larger type can be a sign that the result can overflow the type converted from.","warning","Multiplication result may overflow 'int' before it is converted to 'size_t'.","/test/gru_common.hpp","942","24","942","36"
"Multiplication result converted to larger type","A multiplication result that is converted to a larger type can be a sign that the result can overflow the type converted from.","warning","Multiplication result may overflow 'int' before it is converted to 'size_t'.","/test/gru_common.hpp","947","24","947","32"
"Multiplication result converted to larger type","A multiplication result that is converted to a larger type can be a sign that the result can overflow the type converted from.","warning","Multiplication result may overflow 'int' before it is converted to 'size_t'.","/test/gru_common.hpp","948","24","948","36"
"Multiplication result converted to larger type","A multiplication result that is converted to a larger type can be a sign that the result can overflow the type converted from.","warning","Multiplication result may overflow 'int' before it is converted to 'size_t'.","/test/gru_common.hpp","952","24","952","32"
"Multiplication result converted to larger type","A multiplication result that is converted to a larger type can be a sign that the result can overflow the type converted from.","warning","Multiplication result may overflow 'int' before it is converted to 'size_t'.","/test/gru_common.hpp","969","42","969","65"
"Multiplication result converted to larger type","A multiplication result that is converted to a larger type can be a sign that the result can overflow the type converted from.","warning","Multiplication result may overflow 'int' before it is converted to 'size_t'.","/test/gru_common.hpp","1438","20","1438","32"
"Multiplication result converted to larger type","A multiplication result that is converted to a larger type can be a sign that the result can overflow the type converted from.","warning","Multiplication result may overflow 'int' before it is converted to 'size_t'.","/test/gru_common.hpp","1444","20","1444","32"
"Multiplication result converted to larger type","A multiplication result that is converted to a larger type can be a sign that the result can overflow the type converted from.","warning","Multiplication result may overflow 'int' before it is converted to 'size_t'.","/test/gru_common.hpp","1516","28","1516","40"
"Multiplication result converted to larger type","A multiplication result that is converted to a larger type can be a sign that the result can overflow the type converted from.","warning","Multiplication result may overflow 'int' before it is converted to 'size_t'.","/test/gru_common.hpp","1527","28","1527","40"
"Multiplication result converted to larger type","A multiplication result that is converted to a larger type can be a sign that the result can overflow the type converted from.","warning","Multiplication result may overflow 'int' before it is converted to 'size_t'.","/test/gru_common.hpp","1554","24","1554","36"
"Multiplication result converted to larger type","A multiplication result that is converted to a larger type can be a sign that the result can overflow the type converted from.","warning","Multiplication result may overflow 'int' before it is converted to 'size_t'.","/test/gru_common.hpp","1559","24","1559","32"
"Multiplication result converted to larger type","A multiplication result that is converted to a larger type can be a sign that the result can overflow the type converted from.","warning","Multiplication result may overflow 'int' before it is converted to 'size_t'.","/test/gru_common.hpp","1564","24","1564","32"
"Multiplication result converted to larger type","A multiplication result that is converted to a larger type can be a sign that the result can overflow the type converted from.","warning","Multiplication result may overflow 'int' before it is converted to 'size_t'.","/test/gru_common.hpp","1565","24","1565","36"
"Multiplication result converted to larger type","A multiplication result that is converted to a larger type can be a sign that the result can overflow the type converted from.","warning","Multiplication result may overflow 'int' before it is converted to 'size_type'.","/test/gru_common.hpp","141","44","141","79"
"Multiplication result converted to larger type","A multiplication result that is converted to a larger type can be a sign that the result can overflow the type converted from.","warning","Multiplication result may overflow 'int' before it is converted to 'size_t'.","/test/gru_common.hpp","194","28","194","40"
"Multiplication result converted to larger type","A multiplication result that is converted to a larger type can be a sign that the result can overflow the type converted from.","warning","Multiplication result may overflow 'int' before it is converted to 'size_t'.","/test/gru_common.hpp","198","28","198","40"
"Multiplication result converted to larger type","A multiplication result that is converted to a larger type can be a sign that the result can overflow the type converted from.","warning","Multiplication result may overflow 'int' before it is converted to 'size_t'.","/test/gru_common.hpp","243","24","243","32"
"Multiplication result converted to larger type","A multiplication result that is converted to a larger type can be a sign that the result can overflow the type converted from.","warning","Multiplication result may overflow 'int' before it is converted to 'size_t'.","/test/gru_common.hpp","248","24","248","32"
"Multiplication result converted to larger type","A multiplication result that is converted to a larger type can be a sign that the result can overflow the type converted from.","warning","Multiplication result may overflow 'int' before it is converted to 'size_t'.","/test/gru_common.hpp","249","24","249","36"
"Multiplication result converted to larger type","A multiplication result that is converted to a larger type can be a sign that the result can overflow the type converted from.","warning","Multiplication result may overflow 'int' before it is converted to 'size_t'.","/test/gru_common.hpp","253","24","253","36"
"Multiplication result converted to larger type","A multiplication result that is converted to a larger type can be a sign that the result can overflow the type converted from.","warning","Multiplication result may overflow 'int' before it is converted to 'size_t'.","/test/cpu_rnn.hpp","771","27","771","39"
"Multiplication result converted to larger type","A multiplication result that is converted to a larger type can be a sign that the result can overflow the type converted from.","warning","Multiplication result may overflow 'int' before it is converted to 'size_t'.","/test/cpu_rnn.hpp","776","27","776","35"
"Multiplication result converted to larger type","A multiplication result that is converted to a larger type can be a sign that the result can overflow the type converted from.","warning","Multiplication result may overflow 'int' before it is converted to 'size_t'.","/test/cpu_rnn.hpp","777","27","777","39"
"Multiplication result converted to larger type","A multiplication result that is converted to a larger type can be a sign that the result can overflow the type converted from.","warning","Multiplication result may overflow 'int' before it is converted to 'size_t'.","/test/cpu_rnn.hpp","781","27","781","35"
"Multiplication result converted to larger type","A multiplication result that is converted to a larger type can be a sign that the result can overflow the type converted from.","warning","Multiplication result may overflow 'int' before it is converted to 'size_t'.","/test/cpu_rnn.hpp","798","42","798","69"
"Multiplication result converted to larger type","A multiplication result that is converted to a larger type can be a sign that the result can overflow the type converted from.","warning","Multiplication result may overflow 'int' before it is converted to 'size_t'.","/test/cpu_rnn.hpp","1205","23","1205","35"
"Multiplication result converted to larger type","A multiplication result that is converted to a larger type can be a sign that the result can overflow the type converted from.","warning","Multiplication result may overflow 'int' before it is converted to 'size_t'.","/test/cpu_rnn.hpp","1211","23","1211","35"
"Multiplication result converted to larger type","A multiplication result that is converted to a larger type can be a sign that the result can overflow the type converted from.","warning","Multiplication result may overflow 'int' before it is converted to 'size_t'.","/test/cpu_rnn.hpp","1287","31","1287","43"
"Multiplication result converted to larger type","A multiplication result that is converted to a larger type can be a sign that the result can overflow the type converted from.","warning","Multiplication result may overflow 'int' before it is converted to 'size_t'.","/test/cpu_rnn.hpp","1298","31","1298","43"
"Multiplication result converted to larger type","A multiplication result that is converted to a larger type can be a sign that the result can overflow the type converted from.","warning","Multiplication result may overflow 'int' before it is converted to 'size_t'.","/test/cpu_rnn.hpp","1326","27","1326","39"
"Multiplication result converted to larger type","A multiplication result that is converted to a larger type can be a sign that the result can overflow the type converted from.","warning","Multiplication result may overflow 'int' before it is converted to 'size_t'.","/test/cpu_rnn.hpp","1331","27","1331","35"
"Multiplication result converted to larger type","A multiplication result that is converted to a larger type can be a sign that the result can overflow the type converted from.","warning","Multiplication result may overflow 'int' before it is converted to 'size_t'.","/test/cpu_rnn.hpp","1336","27","1336","35"
"Multiplication result converted to larger type","A multiplication result that is converted to a larger type can be a sign that the result can overflow the type converted from.","warning","Multiplication result may overflow 'int' before it is converted to 'size_t'.","/test/cpu_rnn.hpp","1337","27","1337","39"
"Multiplication result converted to larger type","A multiplication result that is converted to a larger type can be a sign that the result can overflow the type converted from.","warning","Multiplication result may overflow 'int' before it is converted to 'size_type'.","/test/cpu_rnn.hpp","118","28","118","67"
"Multiplication result converted to larger type","A multiplication result that is converted to a larger type can be a sign that the result can overflow the type converted from.","warning","Multiplication result may overflow 'int' before it is converted to 'size_t'.","/test/cpu_rnn.hpp","171","31","171","43"
"Multiplication result converted to larger type","A multiplication result that is converted to a larger type can be a sign that the result can overflow the type converted from.","warning","Multiplication result may overflow 'int' before it is converted to 'size_t'.","/test/cpu_rnn.hpp","175","31","175","43"
"Multiplication result converted to larger type","A multiplication result that is converted to a larger type can be a sign that the result can overflow the type converted from.","warning","Multiplication result may overflow 'int' before it is converted to 'size_t'.","/test/cpu_rnn.hpp","222","27","222","35"
"Multiplication result converted to larger type","A multiplication result that is converted to a larger type can be a sign that the result can overflow the type converted from.","warning","Multiplication result may overflow 'int' before it is converted to 'size_t'.","/test/cpu_rnn.hpp","227","27","227","35"
"Multiplication result converted to larger type","A multiplication result that is converted to a larger type can be a sign that the result can overflow the type converted from.","warning","Multiplication result may overflow 'int' before it is converted to 'size_t'.","/test/cpu_rnn.hpp","228","27","228","39"
"Multiplication result converted to larger type","A multiplication result that is converted to a larger type can be a sign that the result can overflow the type converted from.","warning","Multiplication result may overflow 'int' before it is converted to 'size_t'.","/test/cpu_rnn.hpp","232","27","232","39"
"Multiplication result converted to larger type","A multiplication result that is converted to a larger type can be a sign that the result can overflow the type converted from.","warning","Multiplication result may overflow 'float' before it is converted to 'double'.","/test/fusionHost.hpp","726","36","726","72"
"Uncontrolled data used in path expression","Accessing paths influenced by users can allow an attacker to access unexpected resources.","warning","This argument to a file access function is derived from [[""user input (a command-line argument)""|""relative:///addkernels/addkernels.cpp:206:26:206:29""]] and then passed to std::basic_ofstream<char, char_traits<char>>::basic_ofstream(__s).
This argument to a file access function is derived from [[""user input (a command-line argument)""|""relative:///addkernels/addkernels.cpp:206:26:206:29""]] and then passed to std::basic_ofstream<char, char_traits<char>>::basic_ofstream(__s), which calls std::basic_ofstream<char, char_traits<char>>::open(__s), which calls std::basic_filebuf<char, char_traits<char>>::open(__s).
This argument to a file access function is derived from [[""user input (a command-line argument)""|""relative:///addkernels/addkernels.cpp:206:26:206:29""]] and then passed to std::basic_ofstream<char, char_traits<char>>::basic_ofstream(__s), which calls std::basic_ofstream<char, char_traits<char>>::open(__s).","/addkernels/addkernels.cpp","313","28","313","37"
